name,ra,dec,r_deg,oid,nobs,meanra,meandec,deltajd,lastmjd,firstmjd
IC2974,178.45304,-5.16783,0.013888888888888888,ZTF20acounxo,5,178.4610296,-5.17145866,7.0785995000042,59180.5622800998,59173.4836805998
CGCG064-083,152.50105,11.91656,0.013888888888888888,ZTF20actkmks,3,152.504300166667,11.9161549,2.97208340000361,59179.4635879998,59176.4915045998
MCG-01-30-038,177.65333,-7.607939999999999,0.013888888888888888,ZTF20actqtfk,2,177.65186505,-7.60634595,1.98418990010396,59178.5043519,59176.5201619999
WISEAJ034717.72-082702.9,56.82375,-8.45089,0.013888888888888888,ZTF20actekrw,3,56.8255892,-8.45175823333333,2.02091440040385,59178.3182176002,59176.2973031998
